test_id,trial,orifice,volume_ml,time_s,hydraulic_head_m,bore_mm,flow_l_min,mean_flow,std_flow,n,theory_flow,theory_vel_m_s,theory_bore_mm,vel_meas_m_s,vel_meas_err_m_s,rsd_pct,rsd_err_pct,total_flow_l_min,v_max_m_s,v_min_m_s,dv_pct,req_rsd_ok,req_dv_ok
5,1,1,140,30,0.4,2.0,0.28,0.29000000000000004,0.014142135623730904,2,0.5280567765147015,2.8014282071829006,1.7014754766027549,1.5384977832216553,0.0750263596797586,1.3641931469836908,0.30509446508665955,3.1100000000000003,1.8037560217081474,1.3793428401297596,23.529411764705895,True,False
5,1,2,130,30,0.4,2.0,0.26,0.26,0.0,2,0.5227762087495544,2.7734139251110714,1.7014754766027549,1.3793428401297596,0.0,1.3641931469836908,0.30509446508665955,3.1100000000000003,1.8037560217081474,1.3793428401297596,23.529411764705895,True,False
5,1,3,170,30,0.4,2.0,0.34,0.34,0.0,2,0.5175484466620589,2.7456797858599606,1.7014754766027549,1.8037560217081474,0.0,1.3641931469836908,0.30509446508665955,3.1100000000000003,1.8037560217081474,1.3793428401297596,23.529411764705895,True,False
5,1,4,130,30,0.4,2.0,0.26,0.26,0.0,2,0.5123729621954384,2.7182229880013615,1.7014754766027549,1.3793428401297596,0.0,1.3641931469836908,0.30509446508665955,3.1100000000000003,1.8037560217081474,1.3793428401297596,23.529411764705895,True,False
5,1,5,150,30,0.4,2.0,0.3,0.3,0.0,2,0.507249232573484,2.6910407581213476,1.7014754766027549,1.5915494309189533,0.0,1.3641931469836908,0.30509446508665955,3.1100000000000003,1.8037560217081474,1.3793428401297596,23.529411764705895,True,False
5,1,6,140,30,0.4,2.0,0.28,0.28,0.0,2,0.502176740247749,2.664130350540134,1.7014754766027549,1.485446135524357,0.0,1.3641931469836908,0.30509446508665955,3.1100000000000003,1.8037560217081474,1.3793428401297596,23.529411764705895,True,False
5,1,7,150,30,0.4,2.0,0.3,0.29000000000000004,0.014142135623730944,2,0.4971549728452716,2.637489047034733,1.7014754766027549,1.5384977832216553,0.0750263596797588,1.3641931469836908,0.30509446508665955,3.1100000000000003,1.8037560217081474,1.3793428401297596,23.529411764705895,True,False
5,1,8,150,30,0.4,2.0,0.3,0.29000000000000004,0.014142135623730944,2,0.49218342311681884,2.611114156564385,1.7014754766027549,1.5384977832216553,0.0750263596797588,1.3641931469836908,0.30509446508665955,3.1100000000000003,1.8037560217081474,1.3793428401297596,23.529411764705895,True,False
5,1,9,140,30,0.4,2.0,0.28,0.28,0.0,2,0.4872615888856507,2.5850030149987417,1.7014754766027549,1.485446135524357,0.0,1.3641931469836908,0.30509446508665955,3.1100000000000003,1.8037560217081474,1.3793428401297596,23.529411764705895,True,False
5,1,10,130,30,0.4,2.0,0.26,0.26,0.0,2,0.48238897299679423,2.559152984848754,1.7014754766027549,1.3793428401297596,0.0,1.3641931469836908,0.30509446508665955,3.1100000000000003,1.8037560217081474,1.3793428401297596,23.529411764705895,True,False
5,1,11,130,30,0.4,2.0,0.26,0.26,0.0,2,0.4775650832668263,2.5335614550002665,1.7014754766027549,1.3793428401297596,0.0,1.3641931469836908,0.30509446508665955,3.1100000000000003,1.8037560217081474,1.3793428401297596,23.529411764705895,True,False
5,2,1,150,30,0.4,2.0,0.3,0.29000000000000004,0.014142135623730904,2,0.5280567765147015,2.8014282071829006,1.7014754766027549,1.5384977832216553,0.0750263596797586,1.3641931469836908,0.30509446508665955,3.1100000000000003,1.8037560217081474,1.3793428401297596,23.529411764705895,True,False
5,2,2,130,30,0.4,2.0,0.26,0.26,0.0,2,0.5227762087495544,2.7734139251110714,1.7014754766027549,1.3793428401297596,0.0,1.3641931469836908,0.30509446508665955,3.1100000000000003,1.8037560217081474,1.3793428401297596,23.529411764705895,True,False
5,2,3,170,30,0.4,2.0,0.34,0.34,0.0,2,0.5175484466620589,2.7456797858599606,1.7014754766027549,1.8037560217081474,0.0,1.3641931469836908,0.30509446508665955,3.1100000000000003,1.8037560217081474,1.3793428401297596,23.529411764705895,True,False
5,2,4,130,30,0.4,2.0,0.26,0.26,0.0,2,0.5123729621954384,2.7182229880013615,1.7014754766027549,1.3793428401297596,0.0,1.3641931469836908,0.30509446508665955,3.1100000000000003,1.8037560217081474,1.3793428401297596,23.529411764705895,True,False
5,2,5,150,30,0.4,2.0,0.3,0.3,0.0,2,0.507249232573484,2.6910407581213476,1.7014754766027549,1.5915494309189533,0.0,1.3641931469836908,0.30509446508665955,3.1100000000000003,1.8037560217081474,1.3793428401297596,23.529411764705895,True,False
5,2,6,140,30,0.4,2.0,0.28,0.28,0.0,2,0.502176740247749,2.664130350540134,1.7014754766027549,1.485446135524357,0.0,1.3641931469836908,0.30509446508665955,3.1100000000000003,1.8037560217081474,1.3793428401297596,23.529411764705895,True,False
5,2,7,140,30,0.4,2.0,0.28,0.29000000000000004,0.014142135623730944,2,0.4971549728452716,2.637489047034733,1.7014754766027549,1.5384977832216553,0.0750263596797588,1.3641931469836908,0.30509446508665955,3.1100000000000003,1.8037560217081474,1.3793428401297596,23.529411764705895,True,False
5,2,8,140,30,0.4,2.0,0.28,0.29000000000000004,0.014142135623730944,2,0.49218342311681884,2.611114156564385,1.7014754766027549,1.5384977832216553,0.0750263596797588,1.3641931469836908,0.30509446508665955,3.1100000000000003,1.8037560217081474,1.3793428401297596,23.529411764705895,True,False
5,2,9,140,30,0.4,2.0,0.28,0.28,0.0,2,0.4872615888856507,2.5850030149987417,1.7014754766027549,1.485446135524357,0.0,1.3641931469836908,0.30509446508665955,3.1100000000000003,1.8037560217081474,1.3793428401297596,23.529411764705895,True,False
5,2,10,130,30,0.4,2.0,0.26,0.26,0.0,2,0.48238897299679423,2.559152984848754,1.7014754766027549,1.3793428401297596,0.0,1.3641931469836908,0.30509446508665955,3.1100000000000003,1.8037560217081474,1.3793428401297596,23.529411764705895,True,False
5,2,11,130,30,0.4,2.0,0.26,0.26,0.0,2,0.4775650832668263,2.5335614550002665,1.7014754766027549,1.3793428401297596,0.0,1.3641931469836908,0.30509446508665955,3.1100000000000003,1.8037560217081474,1.3793428401297596,23.529411764705895,True,False
6,1,1,175,25,0.4,2.5,0.41999999999999993,0.39599999999999996,0.03174901573277507,3,0.8250887133042211,2.8014282071829006,1.7014754766027549,1.3445409592403317,0.10779760623303479,10.874610085755867,2.4576393830334893,4.208,1.4396095119138903,1.113660188461689,22.641509433962245,False,False
6,1,2,170,25,0.4,2.5,0.40800000000000003,0.37600000000000006,0.03666060555964672,3,0.816837826171179,2.7734139251110714,1.7014754766027549,1.2766348501877902,0.1244739539532799,10.874610085755867,2.4576393830334893,4.208,1.4396095119138903,1.113660188461689,22.641509433962245,False,False
6,1,3,190,25,0.4,2.5,0.45599999999999996,0.42399999999999993,0.036660605559646696,3,0.808669447909467,2.7456797858599606,1.7014754766027549,1.4396095119138903,0.12447395395327983,10.874610085755867,2.4576393830334893,4.208,1.4396095119138903,1.113660188461689,22.641509433962245,False,False
6,1,4,175,25,0.4,2.5,0.41999999999999993,0.37999999999999995,0.034641016151377504,3,0.8005827534303726,2.7182229880013615,1.7014754766027549,1.290216071998298,0.1176168310233155,10.874610085755867,2.4576393830334893,4.208,1.4396095119138903,1.113660188461689,22.641509433962245,False,False
6,1,5,180,25,0.4,2.5,0.43199999999999994,0.39199999999999996,0.03666060555964669,3,0.7925769258960687,2.6910407581213476,1.7014754766027549,1.3309597374298232,0.1244739539532798,10.874610085755867,2.4576393830334893,4.208,1.4396095119138903,1.113660188461689,22.641509433962245,False,False
6,1,6,190,25,0.4,2.5,0.45599999999999996,0.39199999999999996,0.06039867548216599,3,0.7846511566371079,2.664130350540134,1.7014754766027549,1.3309597374298232,0.20507195219605295,10.874610085755867,2.4576393830334893,4.208,1.4396095119138903,1.113660188461689,22.641509433962245,False,False
6,1,7,170,25,0.4,2.5,0.40800000000000003,0.39200000000000007,0.02771281292110206,3,0.776804645070737,2.637489047034733,1.7014754766027549,1.3309597374298239,0.09409346481865259,10.874610085755867,2.4576393830334893,4.208,1.4396095119138903,1.113660188461689,22.641509433962245,False,False
6,1,8,170,25,0.4,2.5,0.40800000000000003,0.37600000000000006,0.03666060555964672,3,0.7690365986200295,2.611114156564385,1.7014754766027549,1.2766348501877902,0.1244739539532799,10.874610085755867,2.4576393830334893,4.208,1.4396095119138903,1.113660188461689,22.641509433962245,False,False
6,1,9,170,25,0.4,2.5,0.40800000000000003,0.37600000000000006,0.02771281292110206,3,0.7613462326338293,2.5850030149987417,1.7014754766027549,1.2766348501877902,0.09409346481865259,10.874610085755867,2.4576393830334893,4.208,1.4396095119138903,1.113660188461689,22.641509433962245,False,False
6,1,10,190,25,0.4,2.5,0.45599999999999996,0.37599999999999995,0.07332121111929342,3,0.753732770307491,2.559152984848754,1.7014754766027549,1.2766348501877895,0.24894790790655974,10.874610085755867,2.4576393830334893,4.208,1.4396095119138903,1.113660188461689,22.641509433962245,False,False
6,1,11,150,25,0.4,2.5,0.36,0.328,0.055425625842204056,3,0.7461954426044161,2.5335614550002665,1.7014754766027549,1.113660188461689,0.18818692963730496,10.874610085755867,2.4576393830334893,4.208,1.4396095119138903,1.113660188461689,22.641509433962245,False,False
6,2,1,170,25,0.4,2.5,0.40800000000000003,0.39599999999999996,0.03174901573277507,3,0.8250887133042211,2.8014282071829006,1.7014754766027549,1.3445409592403317,0.10779760623303479,10.874610085755867,2.4576393830334893,4.208,1.4396095119138903,1.113660188461689,22.641509433962245,False,False
6,2,2,160,25,0.4,2.5,0.384,0.37600000000000006,0.03666060555964672,3,0.816837826171179,2.7734139251110714,1.7014754766027549,1.2766348501877902,0.1244739539532799,10.874610085755867,2.4576393830334893,4.208,1.4396095119138903,1.113660188461689,22.641509433962245,False,False
6,2,3,180,25,0.4,2.5,0.43199999999999994,0.42399999999999993,0.036660605559646696,3,0.808669447909467,2.7456797858599606,1.7014754766027549,1.4396095119138903,0.12447395395327983,10.874610085755867,2.4576393830334893,4.208,1.4396095119138903,1.113660188461689,22.641509433962245,False,False
6,2,4,150,25,0.4,2.5,0.36,0.37999999999999995,0.034641016151377504,3,0.8005827534303726,2.7182229880013615,1.7014754766027549,1.290216071998298,0.1176168310233155,10.874610085755867,2.4576393830334893,4.208,1.4396095119138903,1.113660188461689,22.641509433962245,False,False
6,2,5,160,25,0.4,2.5,0.384,0.39199999999999996,0.03666060555964669,3,0.7925769258960687,2.6910407581213476,1.7014754766027549,1.3309597374298232,0.1244739539532798,10.874610085755867,2.4576393830334893,4.208,1.4396095119138903,1.113660188461689,22.641509433962245,False,False
6,2,6,140,25,0.4,2.5,0.336,0.39199999999999996,0.06039867548216599,3,0.7846511566371079,2.664130350540134,1.7014754766027549,1.3309597374298232,0.20507195219605295,10.874610085755867,2.4576393830334893,4.208,1.4396095119138903,1.113660188461689,22.641509433962245,False,False
6,2,7,170,25,0.4,2.5,0.40800000000000003,0.39200000000000007,0.02771281292110206,3,0.776804645070737,2.637489047034733,1.7014754766027549,1.3309597374298239,0.09409346481865259,10.874610085755867,2.4576393830334893,4.208,1.4396095119138903,1.113660188461689,22.641509433962245,False,False
6,2,8,160,25,0.4,2.5,0.384,0.37600000000000006,0.03666060555964672,3,0.7690365986200295,2.611114156564385,1.7014754766027549,1.2766348501877902,0.1244739539532799,10.874610085755867,2.4576393830334893,4.208,1.4396095119138903,1.113660188461689,22.641509433962245,False,False
6,2,9,150,25,0.4,2.5,0.36,0.37600000000000006,0.02771281292110206,3,0.7613462326338293,2.5850030149987417,1.7014754766027549,1.2766348501877902,0.09409346481865259,10.874610085755867,2.4576393830334893,4.208,1.4396095119138903,1.113660188461689,22.641509433962245,False,False
6,2,10,150,25,0.4,2.5,0.36,0.37599999999999995,0.07332121111929342,3,0.753732770307491,2.559152984848754,1.7014754766027549,1.2766348501877895,0.24894790790655974,10.874610085755867,2.4576393830334893,4.208,1.4396095119138903,1.113660188461689,22.641509433962245,False,False
6,2,11,110,25,0.4,2.5,0.264,0.328,0.055425625842204056,3,0.7461954426044161,2.5335614550002665,1.7014754766027549,1.113660188461689,0.18818692963730496,10.874610085755867,2.4576393830334893,4.208,1.4396095119138903,1.113660188461689,22.641509433962245,False,False
6,3,1,150,25,0.4,2.5,0.36,0.39599999999999996,0.03174901573277507,3,0.8250887133042211,2.8014282071829006,1.7014754766027549,1.3445409592403317,0.10779760623303479,10.874610085755867,2.4576393830334893,4.208,1.4396095119138903,1.113660188461689,22.641509433962245,False,False
6,3,2,140,25,0.4,2.5,0.336,0.37600000000000006,0.03666060555964672,3,0.816837826171179,2.7734139251110714,1.7014754766027549,1.2766348501877902,0.1244739539532799,10.874610085755867,2.4576393830334893,4.208,1.4396095119138903,1.113660188461689,22.641509433962245,False,False
6,3,3,160,25,0.4,2.5,0.384,0.42399999999999993,0.036660605559646696,3,0.808669447909467,2.7456797858599606,1.7014754766027549,1.4396095119138903,0.12447395395327983,10.874610085755867,2.4576393830334893,4.208,1.4396095119138903,1.113660188461689,22.641509433962245,False,False
6,3,4,150,25,0.4,2.5,0.36,0.37999999999999995,0.034641016151377504,3,0.8005827534303726,2.7182229880013615,1.7014754766027549,1.290216071998298,0.1176168310233155,10.874610085755867,2.4576393830334893,4.208,1.4396095119138903,1.113660188461689,22.641509433962245,False,False
6,3,5,150,25,0.4,2.5,0.36,0.39199999999999996,0.03666060555964669,3,0.7925769258960687,2.6910407581213476,1.7014754766027549,1.3309597374298232,0.1244739539532798,10.874610085755867,2.4576393830334893,4.208,1.4396095119138903,1.113660188461689,22.641509433962245,False,False
6,3,6,160,25,0.4,2.5,0.384,0.39199999999999996,0.06039867548216599,3,0.7846511566371079,2.664130350540134,1.7014754766027549,1.3309597374298232,0.20507195219605295,10.874610085755867,2.4576393830334893,4.208,1.4396095119138903,1.113660188461689,22.641509433962245,False,False
6,3,7,150,25,0.4,2.5,0.36,0.39200000000000007,0.02771281292110206,3,0.776804645070737,2.637489047034733,1.7014754766027549,1.3309597374298239,0.09409346481865259,10.874610085755867,2.4576393830334893,4.208,1.4396095119138903,1.113660188461689,22.641509433962245,False,False
6,3,8,140,25,0.4,2.5,0.336,0.37600000000000006,0.03666060555964672,3,0.7690365986200295,2.611114156564385,1.7014754766027549,1.2766348501877902,0.1244739539532799,10.874610085755867,2.4576393830334893,4.208,1.4396095119138903,1.113660188461689,22.641509433962245,False,False
6,3,9,150,25,0.4,2.5,0.36,0.37600000000000006,0.02771281292110206,3,0.7613462326338293,2.5850030149987417,1.7014754766027549,1.2766348501877902,0.09409346481865259,10.874610085755867,2.4576393830334893,4.208,1.4396095119138903,1.113660188461689,22.641509433962245,False,False
6,3,10,130,25,0.4,2.5,0.312,0.37599999999999995,0.07332121111929342,3,0.753732770307491,2.559152984848754,1.7014754766027549,1.2766348501877895,0.24894790790655974,10.874610085755867,2.4576393830334893,4.208,1.4396095119138903,1.113660188461689,22.641509433962245,False,False
6,3,11,150,25,0.4,2.5,0.36,0.328,0.055425625842204056,3,0.7461954426044161,2.5335614550002665,1.7014754766027549,1.113660188461689,0.18818692963730496,10.874610085755867,2.4576393830334893,4.208,1.4396095119138903,1.113660188461689,22.641509433962245,False,False
7,1,1,180,25,0.4,3.0,0.43199999999999994,0.532,0.11655041827466775,3,1.1881277471580785,2.8014282071829006,1.7014754766027549,1.2543767366650123,0.2748085213013533,23.749515145697874,5.576213774462879,5.128,1.2543767366650123,0.9384247014899902,25.18796992481204,False,False
7,1,2,150,25,0.4,3.0,0.36,0.474,0.13981416237277253,3,1.1762464696864976,2.7734139251110714,1.7014754766027549,1.1176213781564206,0.3296609637908093,23.749515145697874,5.576213774462879,5.128,1.2543767366650123,0.9384247014899902,25.18796992481204,False,False
7,1,3,160,25,0.4,3.0,0.384,0.472,0.11341957503006267,3,1.1644840049896323,2.7456797858599606,1.7014754766027549,1.1129056761388831,0.26742645939876414,23.749515145697874,5.576213774462879,5.128,1.2543767366650123,0.9384247014899902,25.18796992481204,False,False
7,1,4,150,25,0.4,3.0,0.36,0.446,0.11003635762783139,3,1.1528391649397365,2.7182229880013615,1.7014754766027549,1.0516015499108937,0.2594493368340289,23.749515145697874,5.576213774462879,5.128,1.2543767366650123,0.9384247014899902,25.18796992481204,False,False
7,1,5,160,25,0.4,3.0,0.384,0.464,0.11838918869558998,3,1.141310773290339,2.6910407581213476,1.7014754766027549,1.0940428680687326,0.279144067993219,23.749515145697874,5.576213774462879,5.128,1.2543767366650123,0.9384247014899902,25.18796992481204,False,False
7,1,6,170,25,0.4,3.0,0.40800000000000003,0.516,0.12979984591670363,3,1.1298976655574355,2.664130350540134,1.7014754766027549,1.2166511205247112,0.306048697632737,23.749515145697874,5.576213774462879,5.128,1.2543767366650123,0.9384247014899902,25.18796992481204,False,False
7,1,7,150,25,0.4,3.0,0.36,0.454,0.10671457257563285,3,1.1185986889018613,2.637489047034733,1.7014754766027549,1.0704643579810442,0.2516170625977894,23.749515145697874,5.576213774462879,5.128,1.2543767366650123,0.9384247014899902,25.18796992481204,False,False
7,1,8,140,25,0.4,3.0,0.336,0.438,0.1198499061326291,3,1.1074127020128426,2.611114156564385,1.7014754766027549,1.0327387418407432,0.2825882220756679,23.749515145697874,5.576213774462879,5.128,1.2543767366650123,0.9384247014899902,25.18796992481204,False,False
7,1,9,150,25,0.4,3.0,0.36,0.454,0.10671457257563285,3,1.0963385749927141,2.5850030149987417,1.7014754766027549,1.0704643579810442,0.2516170625977894,23.749515145697874,5.576213774462879,5.128,1.2543767366650123,0.9384247014899902,25.18796992481204,False,False
7,1,10,160,25,0.4,3.0,0.384,0.48,0.1099818166789402,3,1.0853751892427872,2.559152984848754,1.7014754766027549,1.1317684842090334,0.2593207374026666,23.749515145697874,5.576213774462879,5.128,1.2543767366650123,0.9384247014899902,25.18796992481204,False,False
7,1,11,150,25,0.4,3.0,0.36,0.39799999999999996,0.046604720790924176,3,1.074521437350359,2.5335614550002665,1.7014754766027549,0.9384247014899902,0.10988698793026976,23.749515145697874,5.576213774462879,5.128,1.2543767366650123,0.9384247014899902,25.18796992481204,False,False
7,2,1,220,20,0.4,3.0,0.66,0.532,0.11655041827466775,3,1.1881277471580785,2.8014282071829006,1.7014754766027549,1.2543767366650123,0.2748085213013533,23.749515145697874,5.576213774462879,5.128,1.2543767366650123,0.9384247014899902,25.18796992481204,False,False
7,2,2,210,20,0.4,3.0,0.63,0.474,0.13981416237277253,3,1.1762464696864976,2.7734139251110714,1.7014754766027549,1.1176213781564206,0.3296609637908093,23.749515145697874,5.576213774462879,5.128,1.2543767366650123,0.9384247014899902,25.18796992481204,False,False
7,2,3,200,20,0.4,3.0,0.6000000000000001,0.472,0.11341957503006267,3,1.1644840049896323,2.7456797858599606,1.7014754766027549,1.1129056761388831,0.26742645939876414,23.749515145697874,5.576213774462879,5.128,1.2543767366650123,0.9384247014899902,25.18796992481204,False,False
7,2,4,190,20,0.4,3.0,0.5700000000000001,0.446,0.11003635762783139,3,1.1528391649397365,2.7182229880013615,1.7014754766027549,1.0516015499108937,0.2594493368340289,23.749515145697874,5.576213774462879,5.128,1.2543767366650123,0.9384247014899902,25.18796992481204,False,False
7,2,5,200,20,0.4,3.0,0.6000000000000001,0.464,0.11838918869558998,3,1.141310773290339,2.6910407581213476,1.7014754766027549,1.0940428680687326,0.279144067993219,23.749515145697874,5.576213774462879,5.128,1.2543767366650123,0.9384247014899902,25.18796992481204,False,False
7,2,6,220,20,0.4,3.0,0.66,0.516,0.12979984591670363,3,1.1298976655574355,2.664130350540134,1.7014754766027549,1.2166511205247112,0.306048697632737,23.749515145697874,5.576213774462879,5.128,1.2543767366650123,0.9384247014899902,25.18796992481204,False,False
7,2,7,190,20,0.4,3.0,0.5700000000000001,0.454,0.10671457257563285,3,1.1185986889018613,2.637489047034733,1.7014754766027549,1.0704643579810442,0.2516170625977894,23.749515145697874,5.576213774462879,5.128,1.2543767366650123,0.9384247014899902,25.18796992481204,False,False
7,2,8,190,20,0.4,3.0,0.5700000000000001,0.438,0.1198499061326291,3,1.1074127020128426,2.611114156564385,1.7014754766027549,1.0327387418407432,0.2825882220756679,23.749515145697874,5.576213774462879,5.128,1.2543767366650123,0.9384247014899902,25.18796992481204,False,False
7,2,9,190,20,0.4,3.0,0.5700000000000001,0.454,0.10671457257563285,3,1.0963385749927141,2.5850030149987417,1.7014754766027549,1.0704643579810442,0.2516170625977894,23.749515145697874,5.576213774462879,5.128,1.2543767366650123,0.9384247014899902,25.18796992481204,False,False
7,2,10,200,20,0.4,3.0,0.6000000000000001,0.48,0.1099818166789402,3,1.0853751892427872,2.559152984848754,1.7014754766027549,1.1317684842090334,0.2593207374026666,23.749515145697874,5.576213774462879,5.128,1.2543767366650123,0.9384247014899902,25.18796992481204,False,False
7,2,11,150,20,0.4,3.0,0.45,0.39799999999999996,0.046604720790924176,3,1.074521437350359,2.5335614550002665,1.7014754766027549,0.9384247014899902,0.10988698793026976,23.749515145697874,5.576213774462879,5.128,1.2543767366650123,0.9384247014899902,25.18796992481204,False,False
7,3,1,210,25,0.4,3.0,0.504,0.532,0.11655041827466775,3,1.1881277471580785,2.8014282071829006,1.7014754766027549,1.2543767366650123,0.2748085213013533,23.749515145697874,5.576213774462879,5.128,1.2543767366650123,0.9384247014899902,25.18796992481204,False,False
7,3,2,180,25,0.4,3.0,0.43199999999999994,0.474,0.13981416237277253,3,1.1762464696864976,2.7734139251110714,1.7014754766027549,1.1176213781564206,0.3296609637908093,23.749515145697874,5.576213774462879,5.128,1.2543767366650123,0.9384247014899902,25.18796992481204,False,False
7,3,3,180,25,0.4,3.0,0.43199999999999994,0.472,0.11341957503006267,3,1.1644840049896323,2.7456797858599606,1.7014754766027549,1.1129056761388831,0.26742645939876414,23.749515145697874,5.576213774462879,5.128,1.2543767366650123,0.9384247014899902,25.18796992481204,False,False
7,3,4,170,25,0.4,3.0,0.40800000000000003,0.446,0.11003635762783139,3,1.1528391649397365,2.7182229880013615,1.7014754766027549,1.0516015499108937,0.2594493368340289,23.749515145697874,5.576213774462879,5.128,1.2543767366650123,0.9384247014899902,25.18796992481204,False,False
7,3,5,170,25,0.4,3.0,0.40800000000000003,0.464,0.11838918869558998,3,1.141310773290339,2.6910407581213476,1.7014754766027549,1.0940428680687326,0.279144067993219,23.749515145697874,5.576213774462879,5.128,1.2543767366650123,0.9384247014899902,25.18796992481204,False,False
7,3,6,200,25,0.4,3.0,0.48,0.516,0.12979984591670363,3,1.1298976655574355,2.664130350540134,1.7014754766027549,1.2166511205247112,0.306048697632737,23.749515145697874,5.576213774462879,5.128,1.2543767366650123,0.9384247014899902,25.18796992481204,False,False
7,3,7,180,25,0.4,3.0,0.43199999999999994,0.454,0.10671457257563285,3,1.1185986889018613,2.637489047034733,1.7014754766027549,1.0704643579810442,0.2516170625977894,23.749515145697874,5.576213774462879,5.128,1.2543767366650123,0.9384247014899902,25.18796992481204,False,False
7,3,8,170,25,0.4,3.0,0.40800000000000003,0.438,0.1198499061326291,3,1.1074127020128426,2.611114156564385,1.7014754766027549,1.0327387418407432,0.2825882220756679,23.749515145697874,5.576213774462879,5.128,1.2543767366650123,0.9384247014899902,25.18796992481204,False,False
7,3,9,180,25,0.4,3.0,0.43199999999999994,0.454,0.10671457257563285,3,1.0963385749927141,2.5850030149987417,1.7014754766027549,1.0704643579810442,0.2516170625977894,23.749515145697874,5.576213774462879,5.128,1.2543767366650123,0.9384247014899902,25.18796992481204,False,False
7,3,10,190,25,0.4,3.0,0.45599999999999996,0.48,0.1099818166789402,3,1.0853751892427872,2.559152984848754,1.7014754766027549,1.1317684842090334,0.2593207374026666,23.749515145697874,5.576213774462879,5.128,1.2543767366650123,0.9384247014899902,25.18796992481204,False,False
7,3,11,160,25,0.4,3.0,0.384,0.39799999999999996,0.046604720790924176,3,1.074521437350359,2.5335614550002665,1.7014754766027549,0.9384247014899902,0.10988698793026976,23.749515145697874,5.576213774462879,5.128,1.2543767366650123,0.9384247014899902,25.18796992481204,False,False
